id;n_rdd;date;realisee;presentation;presentation_content_type;standard
1;43505;2021-04-03;false;../fake-data/blob/hipster.png;image/png;ISO14001
2;40378;2021-04-02;false;../fake-data/blob/hipster.png;image/png;ISO45001
3;81595;2021-04-02;false;../fake-data/blob/hipster.png;image/png;ISO9001
4;13814;2021-04-03;true;../fake-data/blob/hipster.png;image/png;ISO14001
5;13397;2021-04-02;false;../fake-data/blob/hipster.png;image/png;ISO9001
6;11944;2021-04-03;true;../fake-data/blob/hipster.png;image/png;ISO9001
7;78569;2021-04-02;true;../fake-data/blob/hipster.png;image/png;ISO14001
8;89599;2021-04-02;false;../fake-data/blob/hipster.png;image/png;ISO9001
9;23793;2021-04-02;true;../fake-data/blob/hipster.png;image/png;ISO14001
10;76109;2021-04-03;true;../fake-data/blob/hipster.png;image/png;ISO9001
