id;date;description;justifiee;client;piecejointe;piecejointe_content_type;origine
1;2021-04-02;Bedfordshire;false;functionalities;../fake-data/blob/hipster.png;image/png;calculating Unbranded best-of-breed
2;2021-04-02;repurpose;true;Practical Seamless Cambridgeshire;../fake-data/blob/hipster.png;image/png;Fresh killer
3;2021-04-03;Stagiaire auxiliary;false;array;../fake-data/blob/hipster.png;image/png;Enhanced extranet purple
4;2021-04-02;driver;true;Technicien Languedoc-Roussillon;../fake-data/blob/hipster.png;image/png;Analyste deploy
5;2021-04-02;Upgradable;true;cyan;../fake-data/blob/hipster.png;image/png;Focused optical
6;2021-04-03;lime;false;navigate;../fake-data/blob/hipster.png;image/png;compress
7;2021-04-03;aggregate;true;architecture synthesizing Limousin;../fake-data/blob/hipster.png;image/png;c COM
8;2021-04-03;SAS;false;Armenia;../fake-data/blob/hipster.png;image/png;users
9;2021-04-03;Alsace;true;Shirt b b;../fake-data/blob/hipster.png;image/png;Hat
10;2021-04-03;Analyste intermediate Tools;false;Granite auxiliary compressing;../fake-data/blob/hipster.png;image/png;green architectures
